"id","name","previewSaved","hasPythonCode","hasRCode","dataFileCount","svgLength","url"
"6627b1edd0977e6439d4a203","横向柱状图-单变量","yes","yes","yes","1","7014","https://www.bioinforw.com/ldm/webdraw/?id=6627b1edd0977e6439d4a203"
"6628c371600adfbc6f08c696","柱状图-单变量","yes","yes","yes","1","7613","https://www.bioinforw.com/ldm/webdraw/?id=6628c371600adfbc6f08c696"
"662f511a8f59c63d4bb85dc3","箱线图-无分组-散点-显著字母","yes","yes","yes","2","22406","https://www.bioinforw.com/ldm/webdraw/?id=668159fd4a54efd0d6916850"
"6633138e9f1a544b6ce93d0b","饼图-自动顺序","yes","yes","yes","1","5710","https://www.bioinforw.com/ldm/webdraw/?id=6633138e9f1a544b6ce93d0b"
"66458593b60b5302731c7a30","横向堆叠图-单组","yes","yes","yes","1","19662","https://www.bioinforw.com/ldm/webdraw/?id=66458593b60b5302731c7a30"
"6658583892a6397d0c3276ca","饼图-矩阵","yes","yes","yes","1","18310","https://www.bioinforw.com/ldm/webdraw/?id=6658583892a6397d0c3276ca"
"665d618c55ee1eb3b08a6856","堆叠图-多组-网格线","yes","yes","yes","1","29750","https://www.bioinforw.com/ldm/webdraw/?id=665d618c55ee1eb3b08a6856"
"666839fbc67aa1aeb14c22b5","横向柱状图-单变量-左右双向","yes","yes","yes","1","4606","https://www.bioinforw.com/ldm/webdraw/?id=666839fbc67aa1aeb14c22b5"
"66695112119b3e6624619973","柱状图-多变量-误差线-显著星号","yes","yes","yes","2","15490","https://www.bioinforw.com/ldm/webdraw/?id=66695112119b3e6624619973"
"666a67721101de2a56bc2eee","柱状图-多变量-正负双向","yes","yes","yes","1","7190","https://www.bioinforw.com/ldm/webdraw/?id=666a67721101de2a56bc2eee"
"666a9c36698df4eebb5a9f81","组合图-面积图-箱线图-散点图","yes","yes","yes","3","83989","https://www.bioinforw.com/ldm/webdraw/?id=693005ae56824bcc74877b22"
"666aba851a9a6da4e94c1c1d","箱线图-无分组-散点-p值","yes","yes","yes","2","12162","https://www.bioinforw.com/ldm/webdraw/?id=666aba851a9a6da4e94c1c1d"
"6672bad4531df62c7a066996","横向大头针图-无分组-等大圈","yes","yes","yes","1","8274","https://www.bioinforw.com/ldm/webdraw/?id=6672bad4531df62c7a066996"
"6672d7f54b978b43a67a415b","大头针图-分组-等大圈","yes","yes","yes","1","15819","https://www.bioinforw.com/ldm/webdraw/?id=6672d7f54b978b43a67a415b"
"66736add4b978b43a67a42c4","饼图-甜甜圈","yes","yes","yes","1","4337","https://www.bioinforw.com/ldm/webdraw/?id=66736add4b978b43a67a42c4"
"6676aef8a7c8e1374434bb62","横向堆叠图-多组-左右双向-不同变量","yes","yes","yes","1","20338","https://www.bioinforw.com/ldm/webdraw/?id=6753a1eaa9a528dc30e3977e"
"667cd1817addf6468a7b5d6e","折线图-无分组-散点拟合线-置信区间","yes","yes","yes","3","8860","https://www.bioinforw.com/ldm/webdraw/?id=667cd1817addf6468a7b5d6e"
"667cdfd87addf6468a7b5f66","折线图-有分组-散点拟合线-置信区间-信息标注","yes","yes","yes","4","24943","https://www.bioinforw.com/ldm/webdraw/?id=667cdfd87addf6468a7b5f66"
"667d101971c06acd9bd3c9b1","折线图-无分组-散点拟合线-统计柱状图","yes","yes","yes","2","14309","https://www.bioinforw.com/ldm/webdraw/?id=667d101971c06acd9bd3c9b1"
"667d6c33837ae2465043c6da","云雨图-不分组-纵向","yes","yes","yes","3","46639","https://www.bioinforw.com/ldm/webdraw/?id=6777a96d53eb9f93596d6be4"
"667e4231db91fef406caa33d","蜂群图","yes","yes","yes","1","17435","https://www.bioinforw.com/ldm/webdraw/?id=667e4231db91fef406caa33d"
"667ee30727e1fe64e6bc6dd6","小提琴图-不分组","yes","yes","yes","1","8421","https://www.bioinforw.com/ldm/webdraw/?id=6777459f53eb9f93596d4c33"
"668159fd4a54efd0d6916850","箱线图-无分组-散点-显著字母","yes","yes","yes","2","22406","https://www.bioinforw.com/ldm/webdraw/?id=668159fd4a54efd0d6916850"
"6685058897141f45bb9fec49","柱状图-单变量-误差线","yes","yes","yes","1","7756","https://www.bioinforw.com/ldm/webdraw/?id=6685058897141f45bb9fec49"
"668555c131239542b60568ba","散点图-横纵轴数值-分组-圈内文本","yes","yes","yes","1","18014","https://www.bioinforw.com/ldm/webdraw/?id=680982054f3ff56232c340f4"
"668797dd3608d2fc7bdd455f","折线图-无分组-散点-误差棒","yes","yes","yes","1","11367","https://www.bioinforw.com/ldm/webdraw/?id=668e71b21e7a0d382f5fa7f0"
"668882533608d2fc7bddff93","玉玦图-多变量","yes","yes","yes","1","12291","https://www.bioinforw.com/ldm/webdraw/?id=668882533608d2fc7bddff93"
"668bb701f7fccc764535b687","热图-有分类条","yes","yes","yes","1","128610","https://www.bioinforw.com/ldm/webdraw/?id=668bb701f7fccc764535b687"
"668c6de46c40df40b314ebb7","蜂群图","yes","yes","yes","1","17435","https://www.bioinforw.com/ldm/webdraw/?id=667e4231db91fef406caa33d"
"668e71b21e7a0d382f5fa7f0","折线图-无分组-散点-误差棒","yes","yes","yes","1","11367","https://www.bioinforw.com/ldm/webdraw/?id=668e71b21e7a0d382f5fa7f0"
"669082186d7e1596e33b6b56","环形热图","yes","yes","yes","1","192953","https://www.bioinforw.com/ldm/webdraw/?id=669082186d7e1596e33b6b56"
"6694bb381d0e0391ccd00e87","折线图-无分组-散点拟合线-统计柱状图","yes","yes","yes","2","14309","https://www.bioinforw.com/ldm/webdraw/?id=667d101971c06acd9bd3c9b1"
"6697d5003d4b3662f9fac6ad","折线图-有分组-线多样式","yes","yes","yes","1","8378","https://www.bioinforw.com/ldm/webdraw/?id=6697d5003d4b3662f9fac6ad"
"6699f06052361d679a078102","柱状图-单变量-误差线-渐变色","yes","yes","yes","1","10823","https://www.bioinforw.com/ldm/webdraw/?id=6699f06052361d679a078102"
"669aeaee52361d679a09fec9","柱状图-单变量-误差线-显著星号-两组","yes","yes","yes","2","5660","https://www.bioinforw.com/ldm/webdraw/?id=66a9b20bf00c758ce03e86cf"
"669ba02e184d971e874c6301","柱状图-多变量-误差线","yes","yes","yes","1","7118","https://www.bioinforw.com/ldm/webdraw/?id=669ba02e184d971e874c6301"
"669ba4dac8a31dbcbc7bde89","柱状图-多变量-误差线-显著星号","yes","yes","yes","2","14602","https://www.bioinforw.com/ldm/webdraw/?id=669ba4dac8a31dbcbc7bde89"
"669fbedf2d679386c4e3b19a","饼图-图例","yes","yes","yes","1","5488","https://www.bioinforw.com/ldm/webdraw/?id=669fbedf2d679386c4e3b19a"
"66a0610dc846c0bf2409f8ff","气泡图-纵轴分类横轴数值-渐变色","yes","yes","yes","1","21409","https://www.bioinforw.com/ldm/webdraw/?id=66a0610dc846c0bf2409f8ff"
"66a07147c846c0bf240a376b","气泡图-纵轴分类横轴数值-自动计算负logP值","yes","yes","yes","1","76047","https://www.bioinforw.com/ldm/webdraw/?id=66a07147c846c0bf240a376b"
"66a114afc846c0bf240ab849","极坐标散点图-角度轴分类半径轴数值-分组","yes","yes","yes","1","81653","https://www.bioinforw.com/ldm/webdraw/?id=66a114afc846c0bf240ab849"
"66a1e17083a6e54bfea231f1","极坐标堆叠图-多组","yes","yes","yes","1","88894","https://www.bioinforw.com/ldm/webdraw/?id=66a1e17083a6e54bfea231f1"
"66a2265d83a6e54bfea23a7c","极坐标堆叠图-单组-名称贴柱子","yes","yes","yes","1","27502","https://www.bioinforw.com/ldm/webdraw/?id=66a2265d83a6e54bfea23a7c"
"66a4445e39235be1dd448364","三角热图-显示数值","yes","yes","yes","1","108015","https://www.bioinforw.com/ldm/webdraw/?id=66a4445e39235be1dd448364"
"66a5faf760d953862d3ff696","堆叠图-单组","yes","yes","yes","1","67495","https://www.bioinforw.com/ldm/webdraw/?id=66a5faf760d953862d3ff696"
"66a9b20bf00c758ce03e86cf","柱状图-单变量-误差线-显著星号-两组","yes","yes","yes","2","5660","https://www.bioinforw.com/ldm/webdraw/?id=66a9b20bf00c758ce03e86cf"
"66a9da12f00c758ce03e87d9","堆叠图-多组","yes","yes","yes","1","72819","https://www.bioinforw.com/ldm/webdraw/?id=66a9da12f00c758ce03e87d9"
"66aa0363f00c758ce03e8961","柱状图-单变量-截断轴","yes","yes","yes","1","8882","https://www.bioinforw.com/ldm/webdraw/?id=67580aca538842d3d5d8d177"
"66aae86075f3830da7050961","柱状图-多变量-误差线-有分割线","yes","yes","yes","1","23323","https://www.bioinforw.com/ldm/webdraw/?id=66cdaf56bf89ff2f8e8c5022"
"66ac2b714552a7ec5580c050","分类型热图-颜色标有无-统计百分比","yes","yes","yes","3","163837","https://www.bioinforw.com/ldm/webdraw/?id=66ac2b714552a7ec5580c050"
"66ad6628a3e8c0d845e3b310","复合饼图-环绕小饼图","yes","yes","yes","1","20333","https://www.bioinforw.com/ldm/webdraw/?id=676237df89cb0d2350dda22a"
"66b08d1df5382dad1050fcbe","环形柱状图-多变量","yes","yes","yes","1","20951","https://www.bioinforw.com/ldm/webdraw/?id=66b08d1df5382dad1050fcbe"
"66b486871ed116b7326bf8d0","折线图-无分组-散点拟合线-显示R和P值","yes","yes","yes","1","9829","https://www.bioinforw.com/ldm/webdraw/?id=66b486871ed116b7326bf8d0"
"66b4d4e0a62bc5aad627a42a","折线图-无分组-散点-面域","yes","yes","yes","1","7762","https://www.bioinforw.com/ldm/webdraw/?id=66b4d4e0a62bc5aad627a42a"
"66b567c5d978618f7525fd09","折线图-有分组-散点-空心点","yes","yes","yes","1","34746","https://www.bioinforw.com/ldm/webdraw/?id=66b567c5d978618f7525fd09"
"66b5b609d978618f7526182b","环形柱状图-单变量-同组同色","yes","yes","yes","1","17091","https://www.bioinforw.com/ldm/webdraw/?id=692295715a83abc7b49fcaf4"
"66b9b1dc0ca340783fc398c0","箱线图组合","yes","yes","yes","2","17419","https://www.bioinforw.com/ldm/webdraw/?id=66b9b1dc0ca340783fc398c0"
"66bb0080e65b64e3d7de4742","横向大头针图-无分组-大小圈-兼容负值","yes","yes","yes","1","9283","https://www.bioinforw.com/ldm/webdraw/?id=675b8d156ad24ba18dcc4d5c"
"66bc87efa6391e8168b96c84","极坐标折线图-有分组-散点","yes","yes","yes","1","21482","https://www.bioinforw.com/ldm/webdraw/?id=66bc87efa6391e8168b96c84"
"66be9fc1bc77f4488cf030bb","极坐标折线图-有分组-散点-双Y轴","yes","yes","yes","1","40490","https://www.bioinforw.com/ldm/webdraw/?id=66be9fc1bc77f4488cf030bb"
"66bf0f5b4d827e03fea3db68","折线图-有分组-点多样式","yes","yes","yes","1","27533","https://www.bioinforw.com/ldm/webdraw/?id=66bf0f5b4d827e03fea3db68"
"66c1d630d62f5aab6341aee1","折线图-有分组-散点拟合线","yes","yes","yes","2","9390","https://www.bioinforw.com/ldm/webdraw/?id=66c1d630d62f5aab6341aee1"
"66c6caf228b0b164d75c0d0f","网络图-分群-背景颜色","yes","yes","yes","2","201183","https://www.bioinforw.com/ldm/webdraw/?id=6773ac61dd64bdf050ea409e"
"66cc2e8c80c9fb61b66ad173","环形热图-向上缺口","yes","yes","yes","1","61398","https://www.bioinforw.com/ldm/webdraw/?id=66cc2e8c80c9fb61b66ad173"
"66cc7d811cedc4fc9f289534","柱状图-单变量-误差线-显著星号-散点-渐变色-两组","yes","yes","yes","3","8684","https://www.bioinforw.com/ldm/webdraw/?id=66cc7d811cedc4fc9f289534"
"66cdaf56bf89ff2f8e8c5022","柱状图-多变量-误差线-有分割线","yes","yes","yes","1","23323","https://www.bioinforw.com/ldm/webdraw/?id=66cdaf56bf89ff2f8e8c5022"
"66cdcef3bf89ff2f8e8cadbd","折线图-有分组-拟合线-置信区间","yes","yes","yes","2","9465","https://www.bioinforw.com/ldm/webdraw/?id=66cdcef3bf89ff2f8e8cadbd"
"66ce7fc2bf89ff2f8e8cc8c8","柱状图-多变量-误差线-显著星号-双层名字","yes","yes","yes","2","11898","https://www.bioinforw.com/ldm/webdraw/?id=66ce7fc2bf89ff2f8e8cc8c8"
"66cea984bf89ff2f8e8cca3c","柱状图-多变量-双层名字","yes","yes","yes","2","8288","https://www.bioinforw.com/ldm/webdraw/?id=66cea984bf89ff2f8e8cca3c"
"66d12450e4241f11dffdab3d","堆叠图-多组-不同堆叠颜色","yes","yes","yes","2","32905","https://www.bioinforw.com/ldm/webdraw/?id=66d12450e4241f11dffdab3d"
"66d146a1e4241f11dffdadf1","堆叠图-多组-负值向下","yes","yes","yes","1","45829","https://www.bioinforw.com/ldm/webdraw/?id=66d146a1e4241f11dffdadf1"
"66d4202c6d3485916d192ba5","气泡图-纵轴分类横轴数值-分组-同组同色","yes","yes","yes","1","19830","https://www.bioinforw.com/ldm/webdraw/?id=66d4202c6d3485916d192ba5"
"66d4650e6d3485916d19321b","散点饼图-不显坐标系","yes","yes","yes","2","102189","https://www.bioinforw.com/ldm/webdraw/?id=66d4650e6d3485916d19321b"
"66d5376df06c3c0bbd5e88d2","柱状图-多变量-误差线-显著星号-截断轴","yes","yes","yes","2","10917","https://www.bioinforw.com/ldm/webdraw/?id=6758eb7cb309cfee57d3c697"
"66dbb66a620602b0f69d8088","雷达图","yes","yes","yes","1","9414","https://www.bioinforw.com/ldm/webdraw/?id=66dbb66a620602b0f69d8088"
"66e18ec9bbe664e368cf5cfa","热图-有分类条-横向","yes","yes","yes","2","235132","https://www.bioinforw.com/ldm/webdraw/?id=66e18ec9bbe664e368cf5cfa"
"670092cc8d2e516eb281aaab","柱状图-单变量-误差线-渐变色","yes","yes","yes","1","10823","https://www.bioinforw.com/ldm/webdraw/?id=6699f06052361d679a078102"
"670c8eed6ffa135c741c07ec","柱状图-单变量-渐变色","yes","yes","yes","1","10383","https://www.bioinforw.com/ldm/webdraw/?id=670c8eed6ffa135c741c07ec"
"670d06923e8970b5ee420de4","柱状图-多变量","yes","yes","yes","1","8870","https://www.bioinforw.com/ldm/webdraw/?id=670d06923e8970b5ee420de4"
"673a1b0dd1470cbbfcd8af6c","桑基图-横向-曲线-渐变色","yes","yes","yes","1","31676","https://www.bioinforw.com/ldm/webdraw/?id=673a1b0dd1470cbbfcd8af6c"
"6742d067958211d5ed19d8ee","流程图-横向","yes","yes","yes","1","15692","https://www.bioinforw.com/ldm/webdraw/?id=6742d067958211d5ed19d8ee"
"674ffe93b3a7e1a5d417f14b","面积图-分组-横轴分类","yes","yes","yes","1","13750","https://www.bioinforw.com/ldm/webdraw/?id=674ffe93b3a7e1a5d417f14b"
"6750174ab3a7e1a5d417f527","气泡图-横纵轴分类-分组-同组同色","yes","yes","yes","1","44221","https://www.bioinforw.com/ldm/webdraw/?id=686c88de85f1a520d77b2686"
"6750208ab3a7e1a5d417f60d","堆叠面积图-单组","yes","yes","yes","1","27766","https://www.bioinforw.com/ldm/webdraw/?id=6750208ab3a7e1a5d417f60d"
"67511d7826abbb2d28abdd30","堆叠图-单组-连线","yes","yes","yes","1","95697","https://www.bioinforw.com/ldm/webdraw/?id=67511d7826abbb2d28abdd30"
"675124d726abbb2d28abdebb","堆叠面积图-单组-计算占比","yes","yes","yes","1","30253","https://www.bioinforw.com/ldm/webdraw/?id=675124d726abbb2d28abdebb"
"67515c68afec8963ccde967e","堆叠图-多组-连线-多组色块","yes","yes","yes","1","47247","https://www.bioinforw.com/ldm/webdraw/?id=67519933379e0b4b79b3e9b4"
"67516868afec8963ccde9735","堆叠图-单组-连线","yes","yes","yes","1","25476","https://www.bioinforw.com/ldm/webdraw/?id=67516868afec8963ccde9735"
"67517092afec8963ccde97a5","堆叠图-多组-网格线","yes","yes","yes","1","32133","https://www.bioinforw.com/ldm/webdraw/?id=67517092afec8963ccde97a5"
"67517311afec8963ccde9840","堆叠图-多组-网格线-分组色块","yes","yes","yes","1","34102","https://www.bioinforw.com/ldm/webdraw/?id=67517311afec8963ccde9840"
"67519933379e0b4b79b3e9b4","堆叠图-多组-连线-多组色块","yes","yes","yes","1","47247","https://www.bioinforw.com/ldm/webdraw/?id=67519933379e0b4b79b3e9b4"
"67525188406250678487fd35","堆叠图-单组-截断轴","yes","yes","yes","1","27170","https://www.bioinforw.com/ldm/webdraw/?id=67525188406250678487fd35"
"67528d8c406250678487fefd","堆叠图-单组-连线-计算占比-矩阵","yes","yes","yes","1","58101","https://www.bioinforw.com/ldm/webdraw/?id=675406eea9a528dc30e39996"
"6752aaee406250678487ffb4","横向堆叠图-单组","yes","yes","yes","1","18954","https://www.bioinforw.com/ldm/webdraw/?id=6752aaee406250678487ffb4"
"6752ade5406250678487ffd4","横向堆叠图-多组-左右双向","yes","yes","yes","1","17936","https://www.bioinforw.com/ldm/webdraw/?id=6752ade5406250678487ffd4"
"6752b15d406250678487fffb","横向堆叠图-单组-反向","yes","yes","yes","1","12085","https://www.bioinforw.com/ldm/webdraw/?id=6752b15d406250678487fffb"
"6753a1eaa9a528dc30e3977e","横向堆叠图-多组-左右双向-不同变量","yes","yes","yes","1","20338","https://www.bioinforw.com/ldm/webdraw/?id=6753a1eaa9a528dc30e3977e"
"6753e626a9a528dc30e398b3","横向堆叠图-多组-左右双向-不同变量","yes","yes","yes","1","20338","https://www.bioinforw.com/ldm/webdraw/?id=6753a1eaa9a528dc30e3977e"
"675406eea9a528dc30e39996","堆叠图-单组-连线-计算占比-矩阵","yes","yes","yes","1","58101","https://www.bioinforw.com/ldm/webdraw/?id=675406eea9a528dc30e39996"
"67555da630ab699948765015","横向箱线图-分组","yes","yes","yes","1","9366","https://www.bioinforw.com/ldm/webdraw/?id=676bc46a5da947398b73b4bf"
"6755691a30ab699948765097","横向堆叠图-单组-矩阵","yes","yes","yes","1","28779","https://www.bioinforw.com/ldm/webdraw/?id=6755691a30ab699948765097"
"67556f3230ab6999487650e7","堆叠图-单组-矩阵","yes","yes","yes","1","51947","https://www.bioinforw.com/ldm/webdraw/?id=67556f3230ab6999487650e7"
"67565b7760eadfff7810cf4b","横向柱状图-单变量-百分比","yes","yes","yes","1","9633","https://www.bioinforw.com/ldm/webdraw/?id=67565b7760eadfff7810cf4b"
"67567dd660eadfff7810d3d1","气泡图-横纵轴分类-渐变色-有网格","yes","yes","yes","1","30188","https://www.bioinforw.com/ldm/webdraw/?id=68f88cf753c4ddf667aabfe9"
"6756a45c60eadfff7810d6f0","横向大头针图-无分组-大小圈-兼容负值","yes","yes","yes","1","9283","https://www.bioinforw.com/ldm/webdraw/?id=675b8d156ad24ba18dcc4d5c"
"6756ab8260eadfff7810d71d","柱状图-多变量-嵌套-累计柱子","yes","yes","yes","1","10817","https://www.bioinforw.com/ldm/webdraw/?id=6756ab8260eadfff7810d71d"
"6756bb0cde641c7a2fe00f65","柱状图-多变量-嵌套","yes","yes","yes","1","10278","https://www.bioinforw.com/ldm/webdraw/?id=6756bb0cde641c7a2fe00f65"
"6756c9cdde641c7a2fe00fbc","柱状图-多变量-嵌套-误差线","yes","yes","yes","1","11108","https://www.bioinforw.com/ldm/webdraw/?id=6756c9cdde641c7a2fe00fbc"
"67578ab3de641c7a2fe010f0","柱状图-多变量-计算总和","yes","yes","yes","1","10642","https://www.bioinforw.com/ldm/webdraw/?id=67578ab3de641c7a2fe010f0"
"67578d21de641c7a2fe010fb","柱状图-多变量-趋势线","yes","yes","yes","1","9993","https://www.bioinforw.com/ldm/webdraw/?id=67578d21de641c7a2fe010fb"
"6757a979538842d3d5d8cb3f","柱状图-单变量-误差线-矩阵","yes","yes","yes","1","29858","https://www.bioinforw.com/ldm/webdraw/?id=675985a1646e71bae4dd3f70"
"6757adf1538842d3d5d8cb90","横向柱状图-单变量-颜色分组","yes","yes","yes","1","15499","https://www.bioinforw.com/ldm/webdraw/?id=6757adf1538842d3d5d8cb90"
"6757d10a538842d3d5d8cf52","横向柱状图-多变量","yes","yes","yes","1","10828","https://www.bioinforw.com/ldm/webdraw/?id=6757d10a538842d3d5d8cf52"
"6757ec94538842d3d5d8d08f","横向柱状图-多变量-负值反向","yes","yes","yes","1","11062","https://www.bioinforw.com/ldm/webdraw/?id=6757ec94538842d3d5d8d08f"
"6757fff2538842d3d5d8d0d6","横向柱状图-多变量-双向","yes","yes","yes","1","16490","https://www.bioinforw.com/ldm/webdraw/?id=6757fff2538842d3d5d8d0d6"
"67580aca538842d3d5d8d177","柱状图-单变量-截断轴","yes","yes","yes","1","8882","https://www.bioinforw.com/ldm/webdraw/?id=67580aca538842d3d5d8d177"
"6758e412538842d3d5d8d269","柱状图-多变量-计算总和-截断轴","yes","yes","yes","1","10734","https://www.bioinforw.com/ldm/webdraw/?id=6758f2c3b309cfee57d3c6f0"
"6758e7c8b309cfee57d3c676","柱状图-多变量-误差线-截断轴","yes","yes","yes","1","14366","https://www.bioinforw.com/ldm/webdraw/?id=6758e7c8b309cfee57d3c676"
"6758e992b309cfee57d3c687","柱状图-多变量-截断轴","yes","yes","yes","1","9841","https://www.bioinforw.com/ldm/webdraw/?id=6758e992b309cfee57d3c687"
"6758eb7cb309cfee57d3c697","柱状图-多变量-误差线-显著星号-截断轴","yes","yes","yes","2","10917","https://www.bioinforw.com/ldm/webdraw/?id=6758eb7cb309cfee57d3c697"
"6758ed43b309cfee57d3c6a3","柱状图-单变量-误差线-显著字母-矩阵","yes","yes","yes","1","33157","https://www.bioinforw.com/ldm/webdraw/?id=675a2355646e71bae4dd40ce"
"6758f0e3b309cfee57d3c6cf","柱状图-多变量-嵌套-截断轴","yes","yes","yes","1","12024","https://www.bioinforw.com/ldm/webdraw/?id=6758f0e3b309cfee57d3c6cf"
"6758f1d7b309cfee57d3c6dc","柱状图-多变量-嵌套-误差线-截断轴","yes","yes","yes","1","12102","https://www.bioinforw.com/ldm/webdraw/?id=6758f1d7b309cfee57d3c6dc"
"6758f2c3b309cfee57d3c6f0","柱状图-多变量-嵌套-截断轴","yes","yes","yes","1","12024","https://www.bioinforw.com/ldm/webdraw/?id=6758f0e3b309cfee57d3c6cf"
"6758f9e4b309cfee57d3c71e","柱状图-单变量-矩阵","yes","yes","yes","1","21989","https://www.bioinforw.com/ldm/webdraw/?id=6758f9e4b309cfee57d3c71e"
"675985a1646e71bae4dd3f70","柱状图-单变量-误差线-矩阵","yes","yes","yes","1","29858","https://www.bioinforw.com/ldm/webdraw/?id=675985a1646e71bae4dd3f70"
"675a2355646e71bae4dd40ce","柱状图-单变量-误差线-显著字母-矩阵","yes","yes","yes","1","33157","https://www.bioinforw.com/ldm/webdraw/?id=675a2355646e71bae4dd40ce"
"675a2a21646e71bae4dd418a","柱状图-多变量-嵌套-误差线","yes","yes","yes","1","11108","https://www.bioinforw.com/ldm/webdraw/?id=6756c9cdde641c7a2fe00fbc"
"675a3530646e71bae4dd4254","柱状图-多变量-误差线-显著星号-截断轴","yes","yes","yes","2","10917","https://www.bioinforw.com/ldm/webdraw/?id=6758eb7cb309cfee57d3c697"
"675a4c0f646e71bae4dd42a4","横向柱状图-多变量-负值反向","yes","yes","yes","1","11062","https://www.bioinforw.com/ldm/webdraw/?id=6757ec94538842d3d5d8d08f"
"675a5da6646e71bae4dd4328","环形雷达图","yes","yes","yes","1","15389","https://www.bioinforw.com/ldm/webdraw/?id=676a6f90aef372f7ca212a1c"
"675a7b276ad24ba18dcc4384","横向柱状图-多变量","yes","yes","yes","1","10828","https://www.bioinforw.com/ldm/webdraw/?id=6757d10a538842d3d5d8cf52"
"675a91fb6ad24ba18dcc442d","横向小提琴图-分组-上下对比","yes","yes","yes","2","6888","https://www.bioinforw.com/ldm/webdraw/?id=67777e6d53eb9f93596d53b2"
"675a9b4b6ad24ba18dcc4939","横向柱状图-单变量-负值反向-矩阵","yes","yes","yes","1","62423","https://www.bioinforw.com/ldm/webdraw/?id=675a9b4b6ad24ba18dcc4939"
"675b73b66ad24ba18dcc4b36","大头针图-无分组","yes","yes","yes","1","10071","https://www.bioinforw.com/ldm/webdraw/?id=675b73b66ad24ba18dcc4b36"
"675b74666ad24ba18dcc4b48","大头针图-多变量","yes","yes","yes","1","13905","https://www.bioinforw.com/ldm/webdraw/?id=675b74666ad24ba18dcc4b48"
"675b81de6ad24ba18dcc4c5c","大头针图-分组-大小圈","yes","yes","yes","1","15910","https://www.bioinforw.com/ldm/webdraw/?id=675b81de6ad24ba18dcc4c5c"
"675b85106ad24ba18dcc4cdf","横向大头针图-无分组-大小圈","yes","yes","yes","1","8287","https://www.bioinforw.com/ldm/webdraw/?id=675b85106ad24ba18dcc4cdf"
"675b8bd56ad24ba18dcc4d1b","大头针图-无分组-兼容负值","yes","yes","yes","1","10787","https://www.bioinforw.com/ldm/webdraw/?id=675b8bd56ad24ba18dcc4d1b"
"675b8d156ad24ba18dcc4d5c","横向大头针图-无分组-大小圈-兼容负值","yes","yes","yes","1","9283","https://www.bioinforw.com/ldm/webdraw/?id=675b8d156ad24ba18dcc4d5c"
"675b8e476ad24ba18dcc4d97","大头针图-多变量-兼容负值","yes","yes","yes","1","14005","https://www.bioinforw.com/ldm/webdraw/?id=675b8e476ad24ba18dcc4d97"
"675b8fce6ad24ba18dcc4dce","大头针图-分组-大小圈-兼容负值","yes","yes","yes","1","17209","https://www.bioinforw.com/ldm/webdraw/?id=675b8fce6ad24ba18dcc4dce"
"675b9995840a91c9c316347d","饼图-图例","yes","yes","yes","1","5488","https://www.bioinforw.com/ldm/webdraw/?id=669fbedf2d679386c4e3b19a"
"675b9c78840a91c9c3163498","横向大头针图-分组-大小圈-兼容负值","yes","yes","yes","1","14318","https://www.bioinforw.com/ldm/webdraw/?id=675b9c78840a91c9c3163498"
"675baab0840a91c9c31635bb","散点图-横轴分类纵轴数值-分组-同组同色","yes","yes","yes","1","8994","https://www.bioinforw.com/ldm/webdraw/?id=675e06d0c6a411fef4bd40ae"
"675bc77c840a91c9c316375d","散点饼图","yes","yes","yes","1","16211","https://www.bioinforw.com/ldm/webdraw/?id=675bc77c840a91c9c316375d"
"675bdafa840a91c9c31637e3","散点饼图-半径变化","yes","yes","yes","1","11902","https://www.bioinforw.com/ldm/webdraw/?id=675bdafa840a91c9c31637e3"
"675be29c840a91c9c3163891","散点饼图-半径变化-分组","yes","yes","yes","1","14926","https://www.bioinforw.com/ldm/webdraw/?id=675be29c840a91c9c3163891"
"675e06d0c6a411fef4bd40ae","散点图-横轴分类纵轴数值-分组-同组同色","yes","yes","yes","1","8994","https://www.bioinforw.com/ldm/webdraw/?id=675e06d0c6a411fef4bd40ae"
"675e14d3c6a411fef4bd41bd","散点图-横轴分类纵轴数值-多变量-点多形状","yes","yes","yes","1","10625","https://www.bioinforw.com/ldm/webdraw/?id=675e14d3c6a411fef4bd41bd"
"676121b90dc21c3782f034ff","气泡图-横纵轴数值-空心圆","yes","yes","yes","1","31650","https://www.bioinforw.com/ldm/webdraw/?id=676121b90dc21c3782f034ff"
"6761297c0dc21c3782f035f8","气泡图-横纵轴分类-统计柱子","yes","yes","yes","1","19881","https://www.bioinforw.com/ldm/webdraw/?id=6761297c0dc21c3782f035f8"
"67621ff589cb0d2350dda0ac","旭日图-多层","yes","yes","yes","1","20347","https://www.bioinforw.com/ldm/webdraw/?id=67621ff589cb0d2350dda0ac"
"676237df89cb0d2350dda22a","复合饼图-环绕小饼图","yes","yes","yes","1","20333","https://www.bioinforw.com/ldm/webdraw/?id=676237df89cb0d2350dda22a"
"6762931c89cb0d2350dda794","复合饼图-条形图","yes","yes","yes","2","6273","https://www.bioinforw.com/ldm/webdraw/?id=6762931c89cb0d2350dda794"
"676363aa1cd049d2a71806b1","饼图-半环","yes","yes","yes","1","4953","https://www.bioinforw.com/ldm/webdraw/?id=676363aa1cd049d2a71806b1"
"67636997b6a9f908910e3232","半径变饼图-桥式","yes","yes","yes","1","4807","https://www.bioinforw.com/ldm/webdraw/?id=67636997b6a9f908910e3232"
"67636f5b1cd049d2a718070c","半径变饼图-扇型-自动排序","yes","yes","yes","1","4807","https://www.bioinforw.com/ldm/webdraw/?id=67636f5b1cd049d2a718070c"
"676371b91cd049d2a718071d","半径变饼图-自动排序","yes","yes","yes","1","4755","https://www.bioinforw.com/ldm/webdraw/?id=676371b91cd049d2a718071d"
"67637318b6a9f908910e327c","饼图-任意起止位置","yes","yes","yes","1","3097","https://www.bioinforw.com/ldm/webdraw/?id=67637318b6a9f908910e327c"
"6763748cb6a9f908910e329d","饼图-花瓣","yes","yes","yes","1","7121","https://www.bioinforw.com/ldm/webdraw/?id=6763748cb6a9f908910e329d"
"6764b527393f82c554556241","散点饼图-横纵轴数值","yes","yes","yes","1","24027","https://www.bioinforw.com/ldm/webdraw/?id=6764b527393f82c554556241"
"6764c35c393f82c554556292","环形柱状图-多变量","yes","yes","yes","1","9787","https://www.bioinforw.com/ldm/webdraw/?id=6764c35c393f82c554556292"
"67661104c008c077c11b6a1e","环形柱状图-多变量-刻度环-背景色","yes","yes","yes","1","14794","https://www.bioinforw.com/ldm/webdraw/?id=67661104c008c077c11b6a1e"
"676679127c30723b1e4642cb","环形柱状图-多变量-名称贴柱子","yes","yes","yes","1","17676","https://www.bioinforw.com/ldm/webdraw/?id=676679127c30723b1e4642cb"
"67667c057c30723b1e464400","环形柱状图-单变量-柱子向内-左扇型","yes","yes","yes","1","13643","https://www.bioinforw.com/ldm/webdraw/?id=6767983c11016aea1c39fbcb"
"676680937c30723b1e4644e6","环形柱状图-单变量-半环","yes","yes","yes","1","25554","https://www.bioinforw.com/ldm/webdraw/?id=676680937c30723b1e4644e6"
"676684ce7c30723b1e464676","环形柱状图-单变量-刻度环-名称贴柱子","yes","yes","yes","3","212334","https://www.bioinforw.com/ldm/webdraw/?id=66b5b609d978618f7526182b"
"67668d8d7c30723b1e4647bb","环形柱状图-单变量-扇型左","yes","yes","yes","1","13622","https://www.bioinforw.com/ldm/webdraw/?id=67668d8d7c30723b1e4647bb"
"6766904e7c30723b1e4647f8","环形柱状图-单变量-扇型右","yes","yes","yes","1","11266","https://www.bioinforw.com/ldm/webdraw/?id=6766904e7c30723b1e4647f8"
"676692337c30723b1e46485a","环形柱状图-多变量-两组左右对比","yes","yes","yes","1","5187","https://www.bioinforw.com/ldm/webdraw/?id=6767834211016aea1c39f7b7"
"67676e4711016aea1c39f6f1","环形柱状图-多变量-两组上下对比","yes","yes","yes","1","15547","https://www.bioinforw.com/ldm/webdraw/?id=67676e4711016aea1c39f6f1"
"6767707811016aea1c39f75d","环形柱状图-多变量-两组左右对比-扇型","yes","yes","yes","1","15672","https://www.bioinforw.com/ldm/webdraw/?id=6767707811016aea1c39f75d"
"6767834211016aea1c39f7b7","环形柱状图-多变量-四组对比-扇形","yes","yes","yes","1","39499","https://www.bioinforw.com/ldm/webdraw/?id=6767834211016aea1c39f7b7"
"6767874611016aea1c39f87c","环形柱状图-多变量-扇型","yes","yes","yes","1","37267","https://www.bioinforw.com/ldm/webdraw/?id=6767874611016aea1c39f87c"
"67678e5911016aea1c39f9b0","环形柱状图-多变量-柱子向内","yes","yes","yes","1","25977","https://www.bioinforw.com/ldm/webdraw/?id=67678e5911016aea1c39f9b0"
"676790fd11016aea1c39fa0e","环形柱状图-多变量-柱子向内-同名同色","yes","yes","yes","1","13435","https://www.bioinforw.com/ldm/webdraw/?id=676790fd11016aea1c39fa0e"
"676792eb11016aea1c39fa52","环形柱状图-单变量-柱子向内","yes","yes","yes","1","26030","https://www.bioinforw.com/ldm/webdraw/?id=676792eb11016aea1c39fa52"
"676796ac11016aea1c39fb0a","环形柱状图-单变量-柱子向内-半环","yes","yes","yes","1","17678","https://www.bioinforw.com/ldm/webdraw/?id=676796ac11016aea1c39fb0a"
"6767983c11016aea1c39fbcb","环形柱状图-单变量-柱子向内-左扇型","yes","yes","yes","1","13643","https://www.bioinforw.com/ldm/webdraw/?id=6767983c11016aea1c39fbcb"
"676798de11016aea1c39fc20","环形柱状图-单变量-柱子向内-右扇型","yes","yes","yes","1","16485","https://www.bioinforw.com/ldm/webdraw/?id=676798de11016aea1c39fc20"
"676799f111016aea1c39fc9f","环形柱状图-单变量-柱子向内-半环-空心圆","yes","yes","yes","1","33121","https://www.bioinforw.com/ldm/webdraw/?id=676799f111016aea1c39fc9f"
"67679b6c11016aea1c39fd4b","环形柱状图-多变量-柱子向内-左右对比","yes","yes","yes","1","19538","https://www.bioinforw.com/ldm/webdraw/?id=67679b6c11016aea1c39fd4b"
"67679ca211016aea1c39fdb2","环形柱状图-多变量-柱子向内-上下对比","yes","yes","yes","1","24599","https://www.bioinforw.com/ldm/webdraw/?id=67679ca211016aea1c39fdb2"
"67679ee011016aea1c39fe40","环形柱状图-多变量-柱子向内-左右对比-扇型","yes","yes","yes","1","24772","https://www.bioinforw.com/ldm/webdraw/?id=67679ee011016aea1c39fe40"
"6767a01311016aea1c39fea7","环形柱状图-多变量-柱子向内-四组对比-扇型","yes","yes","yes","1","37415","https://www.bioinforw.com/ldm/webdraw/?id=6767a01311016aea1c39fea7"
"6767a0f411016aea1c39fee4","环形柱状图-多变量-网格线-渐变色-有缺口-负值反向","yes","yes","yes","1","38700","https://www.bioinforw.com/ldm/webdraw/?id=68a7e00c0e0180227b59fbd6"
"6768db92222ceb58bb3714fe","玉珏图","yes","yes","yes","1","6882","https://www.bioinforw.com/ldm/webdraw/?id=6768db92222ceb58bb3714fe"
"6768ea2c222ceb58bb37164e","堆叠玉玦图-单组","yes","yes","yes","1","29908","https://www.bioinforw.com/ldm/webdraw/?id=6768ea2c222ceb58bb37164e"
"6769167e9c799f32fcb7f583","环形热图-无缺口","yes","yes","yes","1","146436","https://www.bioinforw.com/ldm/webdraw/?id=6769167e9c799f32fcb7f583"
"6769213b9c799f32fcb7f9de","极坐标散点图-角度轴半径轴数值","yes","yes","yes","1","10462","https://www.bioinforw.com/ldm/webdraw/?id=6769213b9c799f32fcb7f9de"
"67692a4495cab84bca013a67","极坐标散点图-角度轴半径轴数值-分组","yes","yes","yes","1","19107","https://www.bioinforw.com/ldm/webdraw/?id=67692a4495cab84bca013a67"
"676a6973aef372f7ca2129d1","雷达图-展示节点-有背景","yes","yes","yes","1","13624","https://www.bioinforw.com/ldm/webdraw/?id=676a6973aef372f7ca2129d1"
"676a6f90aef372f7ca212a1c","环形雷达图","yes","yes","yes","1","15389","https://www.bioinforw.com/ldm/webdraw/?id=676a6f90aef372f7ca212a1c"
"676a7226aef372f7ca212a38","环形雷达图-不同圈不同色","yes","yes","yes","1","11913","https://www.bioinforw.com/ldm/webdraw/?id=676a7226aef372f7ca212a38"
"676a7463aef372f7ca212a5a","雷达图-不同圈不颜色","yes","yes","yes","1","13621","https://www.bioinforw.com/ldm/webdraw/?id=676a7463aef372f7ca212a5a"
"676a805baef372f7ca212a93","雷达图-颜色按变量-显示数值","yes","yes","yes","1","16358","https://www.bioinforw.com/ldm/webdraw/?id=676a805baef372f7ca212a93"
"676a8324aef372f7ca212aae","雷达图-颜色按变量分组-数值","yes","yes","yes","2","16360","https://www.bioinforw.com/ldm/webdraw/?id=676a8324aef372f7ca212aae"
"676aa8fbaef372f7ca212b44","雷达图-变量分组-外环颜色不同","yes","yes","yes","2","16635","https://www.bioinforw.com/ldm/webdraw/?id=676aa8fbaef372f7ca212b44"
"676b53a492814a14afd0027e","箱线图-无分组-散点","yes","yes","yes","1","9065","https://www.bioinforw.com/ldm/webdraw/?id=676b53a492814a14afd0027e"
"676bb440426ffedf7ec8e6df","横向箱线图-无分组-散点","yes","yes","yes","1","11321","https://www.bioinforw.com/ldm/webdraw/?id=676bb440426ffedf7ec8e6df"
"676bbba25da947398b73b3dd","箱线图-分组","yes","yes","yes","1","10162","https://www.bioinforw.com/ldm/webdraw/?id=676bbba25da947398b73b3dd"
"676bc46a5da947398b73b4bf","横向箱线图-分组","yes","yes","yes","1","9366","https://www.bioinforw.com/ldm/webdraw/?id=676bc46a5da947398b73b4bf"
"676bc7585da947398b73b504","箱线图-分组-折线","yes","yes","yes","1","10748","https://www.bioinforw.com/ldm/webdraw/?id=676bc7585da947398b73b504"
"676bccee5da947398b73b53e","横向箱线图-分组-折线","yes","yes","yes","1","9995","https://www.bioinforw.com/ldm/webdraw/?id=676bccee5da947398b73b53e"
"676bd3b35da947398b73b577","极坐标箱线图-分组-散点","yes","yes","yes","1","27433","https://www.bioinforw.com/ldm/webdraw/?id=676cc34fcc586c679bc9518c"
"676ca844cc586c679bc94ff8","极坐标箱线图-分组-同名同色","yes","yes","yes","1","16190","https://www.bioinforw.com/ldm/webdraw/?id=676ca844cc586c679bc94ff8"
"676cb201cc586c679bc95073","极坐标箱线图-分组-同组同色","yes","yes","yes","1","15567","https://www.bioinforw.com/ldm/webdraw/?id=676cb201cc586c679bc95073"
"676cb2d9cc586c679bc95084","极坐标箱线图-无分组-半环","yes","yes","yes","1","15686","https://www.bioinforw.com/ldm/webdraw/?id=676cb2d9cc586c679bc95084"
"676cb690cc586c679bc95108","极坐标堆叠图-多组-名称贴柱子","yes","yes","yes","1","86328","https://www.bioinforw.com/ldm/webdraw/?id=68c5fdf475e223672986d188"
"676cbb18cc586c679bc95133","极坐标箱线图-分组-半环-组内同色","yes","yes","yes","1","15899","https://www.bioinforw.com/ldm/webdraw/?id=676cbb18cc586c679bc95133"
"676cbca1cc586c679bc95150","极坐标箱线图-无分组-散点","yes","yes","yes","1","25662","https://www.bioinforw.com/ldm/webdraw/?id=676cbca1cc586c679bc95150"
"676cc34fcc586c679bc9518c","极坐标箱线图-分组-散点","yes","yes","yes","1","27433","https://www.bioinforw.com/ldm/webdraw/?id=676cc34fcc586c679bc9518c"
"676cc93b4c74c616a3c3950f","极坐标箱线图-分组-组内同色-散点","yes","yes","yes","1","26810","https://www.bioinforw.com/ldm/webdraw/?id=676cc93b4c74c616a3c3950f"
"676cca4fcc586c679bc951e6","极坐标箱线图-无分组-半环-散点","yes","yes","yes","1","26923","https://www.bioinforw.com/ldm/webdraw/?id=676cca4fcc586c679bc951e6"
"676ccc81cc586c679bc951fd","极坐标箱线图-分组-半环-散点","yes","yes","yes","1","27766","https://www.bioinforw.com/ldm/webdraw/?id=676ccc81cc586c679bc951fd"
"676ccd12cc586c679bc95207","极坐标箱线图-分组-半环-组内同色-散点","yes","yes","yes","1","27137","https://www.bioinforw.com/ldm/webdraw/?id=676ccd12cc586c679bc95207"
"676cdaffcc586c679bc95232","箱线图-无分组-矩阵","yes","yes","yes","1","40281","https://www.bioinforw.com/ldm/webdraw/?id=676cdaffcc586c679bc95232"
"676d2d414830778dcb2443b8","横向小提琴图-多行多列","yes","yes","yes","2","6431","https://www.bioinforw.com/ldm/webdraw/?id=677901251c2ae301f1e33881"
"676d368e046bf86f1e25dcc7","箱线图-无分组-散点","yes","yes","yes","1","9065","https://www.bioinforw.com/ldm/webdraw/?id=676b53a492814a14afd0027e"
"676e026beb9bcc77a044ff0d","横向箱线图-无分组-散点","yes","yes","yes","1","11321","https://www.bioinforw.com/ldm/webdraw/?id=676bb440426ffedf7ec8e6df"
"676e1c902c7aca6fc03d061c","极坐标折线图-有分组-散点","yes","yes","yes","1","21482","https://www.bioinforw.com/ldm/webdraw/?id=66bc87efa6391e8168b96c84"
"676e23382c7aca6fc03d080b","极坐标箱线图-无分组-矩阵","yes","yes","yes","1","60333","https://www.bioinforw.com/ldm/webdraw/?id=676e23382c7aca6fc03d080b"
"676e297e2c7aca6fc03d0975","环形柱状图-单变量-半环-矩阵","yes","yes","yes","1","36248","https://www.bioinforw.com/ldm/webdraw/?id=676e297e2c7aca6fc03d0975"
"676e37562c7aca6fc03d0aaf","大头针图-无分组-矩阵","yes","yes","yes","1","42082","https://www.bioinforw.com/ldm/webdraw/?id=676e37562c7aca6fc03d0aaf"
"676e3aff2c7aca6fc03d0b6e","横向堆叠图-单组-反向","yes","yes","yes","1","12085","https://www.bioinforw.com/ldm/webdraw/?id=6752b15d406250678487fffb"
"676e3e812c7aca6fc03d0c8c","堆叠图-单组","yes","yes","yes","1","67495","https://www.bioinforw.com/ldm/webdraw/?id=66a5faf760d953862d3ff696"
"676e4080eb9bcc77a044ffb4","横向堆叠图-单组","yes","yes","yes","1","18954","https://www.bioinforw.com/ldm/webdraw/?id=6752aaee406250678487ffb4"
"6771300b30e3c4642f47664c","网络图-单层圈-大小排序","yes","yes","yes","1","14064","https://www.bioinforw.com/ldm/webdraw/?id=6771300b30e3c4642f47664c"
"6771d4b8faed31dfa1482d58","网络图-单层圈-无权重","yes","yes","yes","1","9975","https://www.bioinforw.com/ldm/webdraw/?id=6771d4b8faed31dfa1482d58"
"6771deba160f969842c66394","网络图-多层圈-圈层分组","yes","yes","yes","2","204722","https://www.bioinforw.com/ldm/webdraw/?id=689fbf83b496cf3007e9fff8"
"6771f199faed31dfa1486c87","网络图-分群-背景颜色","yes","yes","yes","2","201183","https://www.bioinforw.com/ldm/webdraw/?id=6773ac61dd64bdf050ea409e"
"67720492160f969842c672dd","箱线图-无分组-散点","yes","yes","yes","1","9065","https://www.bioinforw.com/ldm/webdraw/?id=676b53a492814a14afd0027e"
"67723620faed31dfa1489d98","箱线图-分组-折线","yes","yes","yes","1","10748","https://www.bioinforw.com/ldm/webdraw/?id=676bc7585da947398b73b504"
"6773470fdd64bdf050e9fb02","网络图-多层圈-组均值-值渐变","yes","yes","yes","1","70265","https://www.bioinforw.com/ldm/webdraw/?id=68afea0c322673530d26df18"
"6773ac61dd64bdf050ea409e","网络图-分群-背景颜色","yes","yes","yes","2","201183","https://www.bioinforw.com/ldm/webdraw/?id=6773ac61dd64bdf050ea409e"
"6773b1a3bf4325b53c21a7af","箱线图-分组","yes","yes","yes","1","10162","https://www.bioinforw.com/ldm/webdraw/?id=676bbba25da947398b73b3dd"
"677546ff573a2e7111065530","网络图-分群-权重-直线连接","yes","yes","yes","2","153268","https://www.bioinforw.com/ldm/webdraw/?id=677546ff573a2e7111065530"
"6775f116d3825c4a9886bb67","散点图-横纵轴数值-分组-圈内文本","yes","yes","yes","1","18014","https://www.bioinforw.com/ldm/webdraw/?id=680982054f3ff56232c340f4"
"6775ff29d3825c4a9886bcca","网络图-单层圈-大小排序","yes","yes","yes","1","14064","https://www.bioinforw.com/ldm/webdraw/?id=6771300b30e3c4642f47664c"
"67761e9fc8c401fc9d9ed8e2","流程图-竖直","yes","yes","yes","1","6376","https://www.bioinforw.com/ldm/webdraw/?id=67761e9fc8c401fc9d9ed8e2"
"67763e2cd3825c4a9886c18f","网络图-单层圈-大小排序","yes","yes","yes","1","14064","https://www.bioinforw.com/ldm/webdraw/?id=6771300b30e3c4642f47664c"
"677642a4d3825c4a9886c3f0","桑基图-竖直-曲线-不渐变","yes","yes","yes","1","49728","https://www.bioinforw.com/ldm/webdraw/?id=677642a4d3825c4a9886c3f0"
"6776447fd3825c4a9886c459","网络图-单层圈-无权重","yes","yes","yes","1","9975","https://www.bioinforw.com/ldm/webdraw/?id=6771d4b8faed31dfa1482d58"
"677646b0d3825c4a9886c495","桑基图-竖直-曲线-不渐变-无权重","yes","yes","yes","1","49791","https://www.bioinforw.com/ldm/webdraw/?id=677646b0d3825c4a9886c495"
"67764f79d3825c4a9886c85f","桑基图-环形-3层","yes","yes","yes","1","12598","https://www.bioinforw.com/ldm/webdraw/?id=695f44d4b4474423491bb8e9"
"6777459f53eb9f93596d4c33","小提琴图-不分组","yes","yes","yes","1","8421","https://www.bioinforw.com/ldm/webdraw/?id=6777459f53eb9f93596d4c33"
"67774cd953eb9f93596d4d38","小提琴图-分组","yes","yes","yes","2","7819","https://www.bioinforw.com/ldm/webdraw/?id=67774cd953eb9f93596d4d38"
"6777673e53eb9f93596d4edb","横向小提琴图-不分组","yes","yes","yes","1","6661","https://www.bioinforw.com/ldm/webdraw/?id=6777673e53eb9f93596d4edb"
"67776abd53eb9f93596d4f32","横向小提琴图-分组","yes","yes","yes","2","7843","https://www.bioinforw.com/ldm/webdraw/?id=67776abd53eb9f93596d4f32"
"677777de53eb9f93596d5241","小提琴图-分组-左右对比","yes","yes","yes","2","6846","https://www.bioinforw.com/ldm/webdraw/?id=677777de53eb9f93596d5241"
"67777e6d53eb9f93596d53b2","横向小提琴图-分组-上下对比","yes","yes","yes","2","6888","https://www.bioinforw.com/ldm/webdraw/?id=67777e6d53eb9f93596d53b2"
"67778fcc53eb9f93596d544b","小提琴图-不分组-箱线","yes","yes","yes","2","8989","https://www.bioinforw.com/ldm/webdraw/?id=67778fcc53eb9f93596d544b"
"6777960253eb9f93596d57ce","横向柱状图-单变量","yes","yes","yes","1","7014","https://www.bioinforw.com/ldm/webdraw/?id=6627b1edd0977e6439d4a203"
"67779da433a330fef02df301","云雨图-不分组","yes","yes","yes","3","49673","https://www.bioinforw.com/ldm/webdraw/?id=67779da433a330fef02df301"
"6777a96d53eb9f93596d6be4","云雨图-不分组-纵向","yes","yes","yes","3","46639","https://www.bioinforw.com/ldm/webdraw/?id=6777a96d53eb9f93596d6be4"
"67787a92d2113771d90c48fb","山峦图-不分组","yes","yes","yes","1","6088","https://www.bioinforw.com/ldm/webdraw/?id=67787a92d2113771d90c48fb"
"67787f8dd2113771d90c4ce0","山峦图-分组","yes","yes","yes","2","7481","https://www.bioinforw.com/ldm/webdraw/?id=67787f8dd2113771d90c4ce0"
"6778ede31c2ae301f1e33564","小提琴图-分组-多行多列","yes","yes","yes","2","4349","https://www.bioinforw.com/ldm/webdraw/?id=6778ede31c2ae301f1e33564"
"677901251c2ae301f1e33881","横向小提琴图-多行多列","yes","yes","yes","2","6431","https://www.bioinforw.com/ldm/webdraw/?id=677901251c2ae301f1e33881"
"6785f7620719133e28747b0b","散点饼图-半径变化","yes","yes","yes","1","11902","https://www.bioinforw.com/ldm/webdraw/?id=675bdafa840a91c9c31637e3"
"678715759cc482bfd0150b69","三维散点图-xyz连续型变量","yes","yes","yes","1","15500","https://www.bioinforw.com/ldm/webdraw/?id=678715759cc482bfd0150b69"
"678892792118aaa3fa8867c3","3D柱状图-xyz连续型变量","yes","yes","yes","1","18977","https://www.bioinforw.com/ldm/webdraw/?id=678892792118aaa3fa8867c3"
"6788d7bd02185aae52e95832","三维折线图-xyz连续型变量","yes","yes","yes","1","14662","https://www.bioinforw.com/ldm/webdraw/?id=6788d7bd02185aae52e95832"
"6788dd0f02185aae52e958dc","面积图-三维","yes","yes","yes","1","19266","https://www.bioinforw.com/ldm/webdraw/?id=6788dd0f02185aae52e958dc"
"6789a8ebc08c7f4fd9cca5af","3D柱状图-立体柱","yes","yes","yes","1","23472","https://www.bioinforw.com/ldm/webdraw/?id=6789a8ebc08c7f4fd9cca5af"
"6789ca72c08c7f4fd9cca729","三维堆叠图","yes","yes","yes","1","24204","https://www.bioinforw.com/ldm/webdraw/?id=6789ca72c08c7f4fd9cca729"
"6789d6dac08c7f4fd9cca78a","三维堆叠图-立体柱子","yes","yes","yes","1","36441","https://www.bioinforw.com/ldm/webdraw/?id=6789d6dac08c7f4fd9cca78a"
"67c6adcc518a3a24468a099d","环形柱状图-多变量-刻度环-同名同色","yes","yes","yes","1","25801","https://www.bioinforw.com/ldm/webdraw/?id=67c6adcc518a3a24468a099d"
"67d14a685f0f9bb53762e88a","环形柱状图-单变量-柱子向内-同名同色-刻度值","yes","yes","yes","1","34749","https://www.bioinforw.com/ldm/webdraw/?id=67d14a685f0f9bb53762e88a"
"67d9443b11eeb4461e7205df","散点图-横纵轴数值-分组","yes","yes","yes","1","12064","https://www.bioinforw.com/ldm/webdraw/?id=67d9443b11eeb4461e7205df"
"67da4f8bf4b5713b590f4c60","散点图-横纵轴数值-分组-置信椭圆","yes","yes","yes","2","13346","https://www.bioinforw.com/ldm/webdraw/?id=67da4f8bf4b5713b590f4c60"
"67da7921210978850e12e4ac","热图-基础","yes","yes","yes","1","104559","https://www.bioinforw.com/ldm/webdraw/?id=67da7921210978850e12e4ac"
"67da97ffe0c94627814117b9","热图-有聚类树-自动匹配","yes","yes","yes","2","33230","https://www.bioinforw.com/ldm/webdraw/?id=67da97ffe0c94627814117b9"
"680982054f3ff56232c340f4","散点图-横纵轴数值-分组-圈内文本","yes","yes","yes","1","18014","https://www.bioinforw.com/ldm/webdraw/?id=680982054f3ff56232c340f4"
"680aeef4a0e69348b047ffd0","火山图-自动展示N个名称","yes","yes","yes","1","106108","https://www.bioinforw.com/ldm/webdraw/?id=680aeef4a0e69348b047ffd0"
"682ed496a545144c4eacedfa","环形柱状图-多变量-多种刻度","yes","yes","yes","1","59644","https://www.bioinforw.com/ldm/webdraw/?id=682ed496a545144c4eacedfa"
"68317aafe56add23e0545c2d","环形柱状图-多变量-多种刻度-误差线-差异字母","yes","yes","yes","1","95105","https://www.bioinforw.com/ldm/webdraw/?id=68317aafe56add23e0545c2d"
"68342a50ccf6706110bfe8c1","极坐标堆叠图-多组-计算占比","yes","yes","yes","1","62257","https://www.bioinforw.com/ldm/webdraw/?id=68342a50ccf6706110bfe8c1"
"683d5b836226ac259e6c21c2","瀑布图-多组","yes","yes","yes","1","29562","https://www.bioinforw.com/ldm/webdraw/?id=683d5b836226ac259e6c21c2"
"6841648809881a15ddd7a49b","桑基图-横向-曲线-不渐变-连线用目标颜色","yes","yes","yes","1","10775","https://www.bioinforw.com/ldm/webdraw/?id=6841648809881a15ddd7a49b"
"684170dcec5045ab2df69439","桑基图-横向-曲线-渐变色-多列输入","yes","yes","yes","1","38063","https://www.bioinforw.com/ldm/webdraw/?id=6974a8c4e17d4bb87a4e1b99"
"6847e0656bc5138431abc959","环形热图-有分组","yes","yes","yes","1","153090","https://www.bioinforw.com/ldm/webdraw/?id=6847e0656bc5138431abc959"
"684969fd356977bc83e1e284","环形热图-有分组-有p值-p值排序","yes","yes","yes","1","182098","https://www.bioinforw.com/ldm/webdraw/?id=684969fd356977bc83e1e284"
"6850ef1c8375d86d3a0b10c9","序列图-分组-连线","yes","yes","yes","1","37455","https://www.bioinforw.com/ldm/webdraw/?id=6850ef1c8375d86d3a0b10c9"
"685204b0f95260dac1ec169c","散点饼图-横纵轴分类","yes","yes","yes","1","39669","https://www.bioinforw.com/ldm/webdraw/?id=685204b0f95260dac1ec169c"
"685d026d84d30a9076d2deaa","环形柱状图-单变量-LOG处理","yes","yes","yes","1","19545","https://www.bioinforw.com/ldm/webdraw/?id=685d026d84d30a9076d2deaa"
"685e0b47c0ef3995ad6985b5","环形柱状图-单变量-对数刻度","yes","yes","yes","1","19016","https://www.bioinforw.com/ldm/webdraw/?id=685e0b47c0ef3995ad6985b5"
"6863288b8e7da8465b482a70","三角热图-方块大小渐变","yes","yes","yes","1","153922","https://www.bioinforw.com/ldm/webdraw/?id=6863288b8e7da8465b482a70"
"6863492eb58cce3d98483cdf","三角热图-方块大小渐变-自动统一行列顺序-文本靠左","yes","yes","yes","1","102982","https://www.bioinforw.com/ldm/webdraw/?id=6863492eb58cce3d98483cdf"
"6863ac45df2413ba028f0588","环形柱状图-单变量-误差线-差异字母","yes","yes","yes","1","23811","https://www.bioinforw.com/ldm/webdraw/?id=6863ac45df2413ba028f0588"
"68648f74869f29770572ab40","网络图-斜线-两层-分段着色-线分段宽-第一层三角形","yes","yes","yes","1","15524","https://www.bioinforw.com/ldm/webdraw/?id=68648f74869f29770572ab40"
"68662a4a53f3d6a5dbef7830","柱状图-多变量-误差线-显著星号-散点","yes","yes","yes","3","37578","https://www.bioinforw.com/ldm/webdraw/?id=666a9c36698df4eebb5a9f81"
"68662c1553f3d6a5dbef79e5","组合热图-网络图-方块大小渐变-p值转显著星号","yes","yes","yes","2","118460","https://www.bioinforw.com/ldm/webdraw/?id=68662c1553f3d6a5dbef79e5"
"686c88de85f1a520d77b2686","气泡图-横纵轴分类-分组-同组同色","yes","yes","yes","1","44221","https://www.bioinforw.com/ldm/webdraw/?id=686c88de85f1a520d77b2686"
"6871c7c15a17bf5ffc87a104","组合热图-网络图-方块大小渐变-圆大小不变-不显著虚线","yes","yes","yes","2","80804","https://www.bioinforw.com/ldm/webdraw/?id=6871c7c15a17bf5ffc87a104"
"68727c676756cd7a76293a9b","环形柱状图-单变量-名称径向","yes","yes","yes","1","46568","https://www.bioinforw.com/ldm/webdraw/?id=68727c676756cd7a76293a9b"
"68761232d4c91cf8658fc705","环形柱状图-单变量-颜色渐变","yes","yes","yes","1","18293","https://www.bioinforw.com/ldm/webdraw/?id=68761232d4c91cf8658fc705"
"687652ef02c716e5399f39bc","极坐标堆叠图-单组","yes","yes","yes","1","41781","https://www.bioinforw.com/ldm/webdraw/?id=687652ef02c716e5399f39bc"
"687791fb0c1d5c45d8787124","极坐标堆叠图-多组-多种刻度","yes","yes","yes","1","48790","https://www.bioinforw.com/ldm/webdraw/?id=687791fb0c1d5c45d8787124"
"687aff46e3740d1ecd70014b","旭日图-2层-自动排序-渐变色","yes","yes","yes","1","18393","https://www.bioinforw.com/ldm/webdraw/?id=687aff46e3740d1ecd70014b"
"687cbd23e21a3d48dcc80126","环形柱状图-单变量-网格线","yes","yes","yes","1","21380","https://www.bioinforw.com/ldm/webdraw/?id=687cbd23e21a3d48dcc80126"
"687cdbffe21a3d48dcc80464","环形柱状图-单变量-网格线-负值反向","yes","yes","yes","1","17682","https://www.bioinforw.com/ldm/webdraw/?id=687cdbffe21a3d48dcc80464"
"689fbf83b496cf3007e9fff8","网络图-多层圈-圈层分组","yes","yes","yes","2","204722","https://www.bioinforw.com/ldm/webdraw/?id=689fbf83b496cf3007e9fff8"
"68a46b735a1ddc69c5c95f86","网络图-分群-连线权重-正负颜色-曲线","yes","yes","yes","2","15956","https://www.bioinforw.com/ldm/webdraw/?id=68a46b735a1ddc69c5c95f86"
"68a7e00c0e0180227b59fbd6","环形柱状图-多变量-网格线-渐变色-有缺口-负值反向","yes","yes","yes","1","38700","https://www.bioinforw.com/ldm/webdraw/?id=68a7e00c0e0180227b59fbd6"
"68a8267d19a5da28f549d619","散点饼图","yes","yes","yes","1","16211","https://www.bioinforw.com/ldm/webdraw/?id=675bc77c840a91c9c316375d"
"68aee650f7347bf614ddc08f","网络图-多层圈-组间关系-组与样本-箭头","yes","yes","yes","2","68842","https://www.bioinforw.com/ldm/webdraw/?id=68aee650f7347bf614ddc08f"
"68afea0c322673530d26df18","网络图-多层圈-组均值-值渐变","yes","yes","yes","1","70265","https://www.bioinforw.com/ldm/webdraw/?id=68afea0c322673530d26df18"
"68b14a8ac910cf666b2ec29d","热图-3D柱子-正负相关性","yes","yes","yes","1","337988","https://www.bioinforw.com/ldm/webdraw/?id=68b14a8ac910cf666b2ec29d"
"68c12fac75c010b4bbee4c73","环形柱状图-多变量-相向排序-负值反向","yes","yes","yes","1","33823","https://www.bioinforw.com/ldm/webdraw/?id=68c12fac75c010b4bbee4c73"
"68c5fdf475e223672986d188","极坐标堆叠图-多组-名称贴柱子","yes","yes","yes","1","86328","https://www.bioinforw.com/ldm/webdraw/?id=68c5fdf475e223672986d188"
"68f88cf753c4ddf667aabfe9","气泡图-横纵轴分类-渐变色-有网格","yes","yes","yes","1","30188","https://www.bioinforw.com/ldm/webdraw/?id=68f88cf753c4ddf667aabfe9"
"68f8a0d853c4ddf667aac328","横向大头针图-分组-双向","yes","yes","yes","1","20108","https://www.bioinforw.com/ldm/webdraw/?id=68f8a0d853c4ddf667aac328"
"68ff30e4bb52e65911957081","折线图-有分组-散点拟合线-点多形状","yes","yes","yes","2","17480","https://www.bioinforw.com/ldm/webdraw/?id=68ff30e4bb52e65911957081"
"68ff50c6bb52e659119579b8","散点图-横纵轴数值-分组-点多形状","yes","yes","yes","1","18492","https://www.bioinforw.com/ldm/webdraw/?id=68ff50c6bb52e659119579b8"
"69043d5cfadf43df302c5fb6","环形热图-扇形-相关性","yes","yes","yes","1","157138","https://www.bioinforw.com/ldm/webdraw/?id=69043d5cfadf43df302c5fb6"
"69154ebe8a158f1f2e83a7e7","极坐标堆叠图-单组-计算占比-实心圆","yes","yes","yes","1","62530","https://www.bioinforw.com/ldm/webdraw/?id=69154ebe8a158f1f2e83a7e7"
"691bd31b94cb9d8b4a28537c","极坐标堆叠图-多组-两组左右对照","yes","yes","yes","1","46586","https://www.bioinforw.com/ldm/webdraw/?id=691bd31b94cb9d8b4a28537c"
"692295715a83abc7b49fcaf4","环形柱状图-单变量-同组同色","yes","yes","yes","1","17091","https://www.bioinforw.com/ldm/webdraw/?id=692295715a83abc7b49fcaf4"
"692d62930f5fa1fea4ee8ac0","横向柱状图-两组-左右对比-中间名称-带刻度尺","yes","yes","yes","1","15658","https://www.bioinforw.com/ldm/webdraw/?id=692d62930f5fa1fea4ee8ac0"
"692e4e4beb5ce5e1c52c9a1a","网络图-多层-分组-圆大小变化","yes","yes","yes","1","34772","https://www.bioinforw.com/ldm/webdraw/?id=692e4e4beb5ce5e1c52c9a1a"
"692f7facb14bac5cf8b16677","环形柱状图-多变量-网络连线","yes","yes","yes","1","36651","https://www.bioinforw.com/ldm/webdraw/?id=692f7facb14bac5cf8b16677"
"692fab7f8e064404457a216c","网络图-多层-target菱形","yes","yes","yes","2","41061","https://www.bioinforw.com/ldm/webdraw/?id=692fab7f8e064404457a216c"
"693005ae56824bcc74877b22","组合图-面积图-箱线图-散点图","yes","yes","yes","3","83989","https://www.bioinforw.com/ldm/webdraw/?id=693005ae56824bcc74877b22"
"6930f85d1e27a9d69b650d54","网络图-多层圈-无权重-力导向布局","yes","yes","yes","1","195032","https://www.bioinforw.com/ldm/webdraw/?id=6930f85d1e27a9d69b650d54"
"69337d4f4af04ea2529b2d03","组合图-柱状图-表格","yes","yes","yes","1","15868","https://www.bioinforw.com/ldm/webdraw/?id=69337d4f4af04ea2529b2d03"
"69367e2a139236dfba8eecce","组合图-热图-小提琴图-扇子","yes","yes","yes","2","55391","https://www.bioinforw.com/ldm/webdraw/?id=69367e2a139236dfba8eecce"
"6937a5045dfd85d7ee54074c","组合图-环形柱状图-蜂群图-散点渐变","yes","yes","yes","2","41089","https://www.bioinforw.com/ldm/webdraw/?id=6937a5045dfd85d7ee54074c"
"69425ce11494871b79b9525a","极坐标折线图-有分组-散点-误差线","yes","yes","yes","1","151123","https://www.bioinforw.com/ldm/webdraw/?id=69425ce11494871b79b9525a"
"6947a9f1948ba872102c519b","散点图-横纵轴数值-点多形状-四个象限","yes","yes","yes","1","22409","https://www.bioinforw.com/ldm/webdraw/?id=6947a9f1948ba872102c519b"
"695c8d9d3cefa576c902ac82","雷达图-背景色按变量-不同刻度范围","yes","yes","yes","1","18002","https://www.bioinforw.com/ldm/webdraw/?id=695c8d9d3cefa576c902ac82"
"695f44d4b4474423491bb8e9","桑基图-环形-3层","yes","yes","yes","1","12598","https://www.bioinforw.com/ldm/webdraw/?id=695f44d4b4474423491bb8e9"
"6974a8c4e17d4bb87a4e1b99","桑基图-横向-曲线-渐变色-多列输入","yes","yes","yes","1","38063","https://www.bioinforw.com/ldm/webdraw/?id=6974a8c4e17d4bb87a4e1b99"
"6983f2bb5a9b04028486b6bd","气泡图-横纵轴分类-横轴分组","yes","yes","yes","2","133462","https://www.bioinforw.com/ldm/webdraw/?id=6983f2bb5a9b04028486b6bd"
"69843e705a9b04028486b76d","折线图-有分组-散点-平滑线","yes","yes","yes","1","23548","https://www.bioinforw.com/ldm/webdraw/?id=69843e705a9b04028486b76d"
"698450da5a9b04028486b7ff","折线图-无分组-散点-平均值连线","yes","yes","yes","1","18979","https://www.bioinforw.com/ldm/webdraw/?id=698450da5a9b04028486b7ff"
"69869a6a08a1e6ebd494d3a5","云雨图-不分组-纵向-三角无填充","yes","yes","yes","3","30940","https://www.bioinforw.com/ldm/webdraw/?id=69869a6a08a1e6ebd494d3a5"
"6986a72608a1e6ebd494db80","云雨图-不分组-纵向-无填充-单向","yes","yes","yes","3","28939","https://www.bioinforw.com/ldm/webdraw/?id=6986a72608a1e6ebd494db80"
"698950259802c3c53e918653","云雨图-分组-纵向-三角无填充","yes","yes","yes","3","31683","https://www.bioinforw.com/ldm/webdraw/?id=698950259802c3c53e918653"
"698cfef4eac3c16402b01d87","网络图-多层圈-圈层分组-相关性-直线连接-等圆-按组顺序排圈层","yes","yes","yes","2","37738","https://www.bioinforw.com/ldm/webdraw/?id=698cfef4eac3c16402b01d87"
"69afb03d57da66ecd1599503","热图-有聚类树-自动匹配","yes","yes","yes","2","33230","https://www.bioinforw.com/ldm/webdraw/?id=67da97ffe0c94627814117b9"
"69b0ab4ee941e70c9db96082","小提琴图-分组-纵向-一半-边框","yes","yes","yes","2","14123","https://www.bioinforw.com/ldm/webdraw/?id=69b0ab4ee941e70c9db96082"
"69b0cbcda6981fcf14aa3872","饼图-花瓣-等角度-热力颜色","yes","yes","yes","1","29396","https://www.bioinforw.com/ldm/webdraw/?id=69b0cbcda6981fcf14aa3872"
"69b0d61da6981fcf14aa3911","饼图-花瓣-热力颜色","yes","yes","yes","1","24050","https://www.bioinforw.com/ldm/webdraw/?id=69b0d61da6981fcf14aa3911"
